# Host: 120.27.39.90  (Version 5.6.35)
# Date: 2017-05-09 15:25:36
# Generator: MySQL-Front 5.4  (Build 4.153) - http://www.mysqlfront.de/

/*!40101 SET NAMES utf8 */;

#
# Structure for table "wx_admin_group"
#

DROP TABLE IF EXISTS `wx_admin_group`;
CREATE TABLE `wx_admin_group` (
  `id` varchar(32) NOT NULL DEFAULT '',
  `name` varchar(255) NOT NULL DEFAULT '' COMMENT '用户组名称',
  `pids` varchar(1024) NOT NULL DEFAULT '' COMMENT '用户组所拥有的权限，逗号分隔',
  `add_time` datetime NOT NULL DEFAULT '0000-00-00 00:00:00' COMMENT '添加时间',
  `d_status` tinyint(3) unsigned NOT NULL DEFAULT '0' COMMENT '标识数据状态，0正常，4删除',
  `d_insert` datetime NOT NULL DEFAULT '0000-00-00 00:00:00' COMMENT '插入日期',
  `d_insertms` bigint(13) unsigned NOT NULL DEFAULT '0' COMMENT '插入的时间毫秒数',
  `d_update` datetime NOT NULL DEFAULT '0000-00-00 00:00:00' COMMENT '更新日期',
  `d_updatems` bigint(13) unsigned NOT NULL DEFAULT '0' COMMENT '更新的时间毫秒数',
  PRIMARY KEY (`id`)
) ENGINE=InnoDB DEFAULT CHARSET=utf8;

#
# Data for table "wx_admin_group"
#

INSERT INTO `wx_admin_group` VALUES ('1850ec4eaeb034846371be0669ce9035','测试组','3dbef80b06a78b54b0d70daf2d7b19c9,493955c6b2e8114fd791532746fffd43,db465de67c1b79babe9e1b5fc8c7a459,f3cdab68b55d6e02569de94b29e1cd17,0e0f44747c473fd09f130ad971339498,168cdd65b88052a0e03e06aff3304df5,37cc0dbae3f3a3a9ae1e0d83eba0f4cf,471be0b182f5ac4c0e92557d2c6f4bc8,8f2eed2c0211393042ff38a344efa845,947a5a7aab325e0e371282167b4cad6e,a8d7a1cc435e703a7a6aa9fe7a2bf52c,e726a09c4b512c7c578734c922ce0a37','0000-00-00 00:00:00',0,'2017-04-05 16:11:52',1491379912610,'2017-04-11 20:32:52',1491913972266),('837d73ffd8176ed482c39ba399bfdfee','超级管理员','3dbef80b06a78b54b0d70daf2d7b19c9,493955c6b2e8114fd791532746fffd43,db465de67c1b79babe9e1b5fc8c7a459,f3cdab68b55d6e02569de94b29e1cd17,0e0f44747c473fd09f130ad971339498,168cdd65b88052a0e03e06aff3304df5,37cc0dbae3f3a3a9ae1e0d83eba0f4cf,471be0b182f5ac4c0e92557d2c6f4bc8,8f2eed2c0211393042ff38a344efa845,a8d7a1cc435e703a7a6aa9fe7a2bf52c,e726a09c4b512c7c578734c922ce0a37','0000-00-00 00:00:00',0,'0000-00-00 00:00:00',0,'2017-04-13 14:42:15',1492065735124),('c39bad73fdfee8377fd399bf816ed482','普通管理员','db465de67c1b79babe9e1b5fc8c7a459,947a5a7aab325e0e371282167b4cad6e,aa2db720ad56be73a86eeb5e6afe701d','0000-00-00 00:00:00',0,'0000-00-00 00:00:00',0,'2017-04-14 18:56:06',1492167366271);

#
# Structure for table "wx_admin_login_log"
#

DROP TABLE IF EXISTS `wx_admin_login_log`;
CREATE TABLE `wx_admin_login_log` (
  `id` varchar(32) NOT NULL DEFAULT '',
  `uid` varchar(32) NOT NULL DEFAULT '' COMMENT '菜单对应权限ID',
  `account` varchar(32) NOT NULL DEFAULT '' COMMENT '父菜单id，空为一级菜单',
  `ip` varchar(15) NOT NULL DEFAULT '' COMMENT '菜单名',
  `login_time` datetime NOT NULL DEFAULT '0000-00-00 00:00:00' COMMENT '菜单等级',
  `add_time` datetime NOT NULL DEFAULT '0000-00-00 00:00:00' COMMENT '添加时间',
  `d_status` tinyint(3) unsigned NOT NULL DEFAULT '0' COMMENT '标识数据状态，0正常，4删除',
  `d_insert` datetime NOT NULL DEFAULT '0000-00-00 00:00:00' COMMENT '插入日期',
  `d_insertms` bigint(13) unsigned NOT NULL DEFAULT '0' COMMENT '插入的时间毫秒数',
  `d_update` datetime NOT NULL DEFAULT '0000-00-00 00:00:00' COMMENT '更新日期',
  `d_updatems` bigint(13) unsigned NOT NULL DEFAULT '0' COMMENT '更新的时间毫秒数',
  PRIMARY KEY (`id`)
) ENGINE=InnoDB DEFAULT CHARSET=utf8;

#
# Data for table "wx_admin_login_log"
#

INSERT INTO `wx_admin_login_log` VALUES ('00abdcb1e1ff5d07295161929519a540','0fa0d32bb73d5bd616e7649eebdadeb2','admin','119.130.206.52','2017-05-04 08:39:31','0000-00-00 00:00:00',0,'2017-05-04 08:39:31',1493858371035,'0000-00-00 00:00:00',0),('020f3df9679d16a737990f06c689a9f7','0fa0d32bb73d5bd616e7649eebdadeb2','admin','119.130.206.52','2017-05-08 14:29:23','0000-00-00 00:00:00',0,'2017-05-08 14:29:23',1494224963457,'0000-00-00 00:00:00',0),('0218357c46552586e1c1fb2f437167db','0fa0d32bb73d5bd616e7649eebdadeb2','admin','119.130.206.52','2017-05-04 10:33:39','0000-00-00 00:00:00',0,'2017-05-04 10:33:39',1493865219159,'0000-00-00 00:00:00',0),('022d499ebb0f402908211a50aa42f1a6','0fa0d32bb73d5bd616e7649eebdadeb2','admin','183.54.192.214','2017-04-11 12:25:31','0000-00-00 00:00:00',0,'2017-04-11 12:25:31',1491884731898,'0000-00-00 00:00:00',0),('0273c9cc8bebc4d4b392b6a082d239a7','0fa0d32bb73d5bd616e7649eebdadeb2','admin','116.23.155.52','2017-04-03 13:11:33','0000-00-00 00:00:00',0,'2017-04-03 13:11:33',1491196293487,'0000-00-00 00:00:00',0),('04c6c398f288bb920c9b8255d476dfb5','0fa0d32bb73d5bd616e7649eebdadeb2','admin','113.68.179.36','2017-04-04 14:21:40','0000-00-00 00:00:00',0,'2017-04-04 14:21:40',1491286900080,'0000-00-00 00:00:00',0),('068e160b27f25359b78149c414d4c661','0fa0d32bb73d5bd616e7649eebdadeb2','admin','116.21.180.211','2017-04-14 16:28:17','0000-00-00 00:00:00',0,'2017-04-14 16:28:17',1492158497277,'0000-00-00 00:00:00',0),('06a6aa624a255ad7980c8da6add18bdc','0fa0d32bb73d5bd616e7649eebdadeb2','admin','219.136.205.133','2017-04-24 11:08:36','0000-00-00 00:00:00',0,'2017-04-24 11:08:36',1493003316793,'0000-00-00 00:00:00',0),('0910f807b54aac2c9710a7245f58648b','0fa0d32bb73d5bd616e7649eebdadeb2','admin','58.249.25.7','2017-03-31 18:14:18','0000-00-00 00:00:00',0,'2017-03-31 18:14:18',1490955258576,'0000-00-00 00:00:00',0),('09c4c409868619a713af8c6059ca22d2','0fa0d32bb73d5bd616e7649eebdadeb2','admin','119.130.206.52','2017-05-08 14:45:18','0000-00-00 00:00:00',0,'2017-05-08 14:45:18',1494225918758,'0000-00-00 00:00:00',0),('0c367db492377a5ae8e54dffc85a4c6d','0fa0d32bb73d5bd616e7649eebdadeb2','admin','113.65.160.19','2017-04-14 15:27:19','0000-00-00 00:00:00',0,'2017-04-14 15:27:19',1492154839078,'0000-00-00 00:00:00',0),('13461f8ff82597156af1b904709c6d48','0fa0d32bb73d5bd616e7649eebdadeb2','admin','58.249.25.7','2017-03-31 20:25:03','0000-00-00 00:00:00',0,'2017-03-31 20:25:03',1490963103447,'0000-00-00 00:00:00',0),('15885b7b06f98b56dbe26302e12ba994','0fa0d32bb73d5bd616e7649eebdadeb2','admin','58.249.25.7','2017-03-31 17:46:51','0000-00-00 00:00:00',0,'2017-03-31 17:46:51',1490953611375,'0000-00-00 00:00:00',0),('159bc0828ae361d28c90f388d9818412','16e7649eebdadeb20fa0d32bb73d5bd6','account','116.21.181.6','2017-04-04 13:57:39','0000-00-00 00:00:00',0,'2017-04-04 13:57:39',1491285459957,'0000-00-00 00:00:00',0),('15a1870379488a86f6180ee80dfd44ff','0fa0d32bb73d5bd616e7649eebdadeb2','admin','119.130.206.52','2017-05-03 14:22:13','0000-00-00 00:00:00',0,'2017-05-03 14:22:13',1493792533612,'0000-00-00 00:00:00',0),('15d461e8f31ac238c77fd65885e86a7e','16e7649eebdadeb20fa0d32bb73d5bd6','account','116.21.181.6','2017-04-04 14:17:54','0000-00-00 00:00:00',0,'2017-04-04 14:17:54',1491286674013,'0000-00-00 00:00:00',0),('17761312854d512945c89cf5580bc644','0fa0d32bb73d5bd616e7649eebdadeb2','admin','119.130.207.251','2017-04-27 14:19:43','0000-00-00 00:00:00',0,'2017-04-27 14:19:43',1493273983098,'0000-00-00 00:00:00',0),('17b2ba20687cc1813f09e62bda2aa7a9','0fa0d32bb73d5bd616e7649eebdadeb2','admin','119.130.207.251','2017-04-28 11:53:00','0000-00-00 00:00:00',0,'2017-04-28 11:53:00',1493351580126,'0000-00-00 00:00:00',0),('1928cdbebe896980d0d2a49a2b49ec26','16e7649eebdadeb20fa0d32bb73d5bd6','account','183.54.192.84','2017-04-04 14:12:13','0000-00-00 00:00:00',0,'2017-04-04 14:12:13',1491286333942,'0000-00-00 00:00:00',0),('199ec5689cc603dfa2230ad767b406c1','0fa0d32bb73d5bd616e7649eebdadeb2','admin','119.130.207.123','2017-04-19 15:44:13','0000-00-00 00:00:00',0,'2017-04-19 15:44:13',1492587853516,'0000-00-00 00:00:00',0),('19de17110d17649b383a413d9b194f83','0fa0d32bb73d5bd616e7649eebdadeb2','admin','183.54.192.147','2017-04-03 13:10:44','0000-00-00 00:00:00',0,'2017-04-03 13:10:44',1491196244720,'0000-00-00 00:00:00',0),('1c468a8d1530a2b47daea533cd5e8b4e','0fa0d32bb73d5bd616e7649eebdadeb2','admin','183.54.192.71','2017-05-05 21:28:56','0000-00-00 00:00:00',0,'2017-05-05 21:28:56',1493990936789,'0000-00-00 00:00:00',0),('1eb9e3330d0f01effdef09cebb306d21','0fa0d32bb73d5bd616e7649eebdadeb2','admin','58.249.25.7','2017-03-31 18:12:39','0000-00-00 00:00:00',0,'2017-03-31 18:12:39',1490955159562,'0000-00-00 00:00:00',0),('1fa3fad444a6df700bfebe9f24903292','16e7649eebdadeb20fa0d32bb73d5bd6','account','116.21.180.114','2017-04-04 13:56:21','0000-00-00 00:00:00',0,'2017-04-04 13:56:21',1491285381621,'0000-00-00 00:00:00',0),('1fb454d56114ee2545ed06020eb2b6aa','16e7649eebdadeb20fa0d32bb73d5bd6','account','116.21.180.205','2017-04-04 14:17:32','0000-00-00 00:00:00',0,'2017-04-04 14:17:32',1491286652196,'0000-00-00 00:00:00',0),('1fd96713e85e144b16d15f0d51850301','0fa0d32bb73d5bd616e7649eebdadeb2','admin','58.249.25.7','2017-03-31 17:26:57','0000-00-00 00:00:00',0,'2017-03-31 17:26:57',1490952417471,'0000-00-00 00:00:00',0),('25d74a9fb73fd54a63bca4b6eb037087','16e7649eebdadeb20fa0d32bb73d5bd6','account','58.249.25.7','2017-04-01 13:48:03','0000-00-00 00:00:00',0,'2017-04-01 13:48:03',1491025683471,'0000-00-00 00:00:00',0),('27472d1259faf61084d604693ecfbb09','0fa0d32bb73d5bd616e7649eebdadeb2','admin','119.130.206.52','2017-05-07 14:45:12','0000-00-00 00:00:00',0,'2017-05-07 14:45:12',1494139512157,'0000-00-00 00:00:00',0),('28456b4de46410377a70f3ba4a377176','0fa0d32bb73d5bd616e7649eebdadeb2','admin','58.249.25.7','2017-04-01 13:50:27','0000-00-00 00:00:00',0,'2017-04-01 13:50:27',1491025827746,'0000-00-00 00:00:00',0),('28734b683a13231b3f8cdfa729ad5344','16e7649eebdadeb20fa0d32bb73d5bd6','account','116.21.180.205','2017-04-04 14:14:08','0000-00-00 00:00:00',0,'2017-04-04 14:14:08',1491286448740,'0000-00-00 00:00:00',0),('28ca0c238d47ed2753522de5acbc0fd0','0fa0d32bb73d5bd616e7649eebdadeb2','admin','119.130.207.251','2017-04-27 11:34:44','0000-00-00 00:00:00',0,'2017-04-27 11:34:44',1493264084700,'0000-00-00 00:00:00',0),('2c1f876c34658bb446b7a3f6d9433b41','16e7649eebdadeb20fa0d32bb73d5bd6','account','116.21.180.205','2017-04-04 14:14:13','0000-00-00 00:00:00',0,'2017-04-04 14:14:13',1491286453475,'0000-00-00 00:00:00',0),('311556545657237893ad3fc1dbb6668c','0fa0d32bb73d5bd616e7649eebdadeb2','admin','113.65.160.160','2017-04-14 16:48:36','0000-00-00 00:00:00',0,'2017-04-14 16:48:36',1492159716457,'0000-00-00 00:00:00',0),('33dece5cf6d1264fefa2f05abfe77bcd','0fa0d32bb73d5bd616e7649eebdadeb2','admin','119.130.207.186','2017-05-09 14:01:44','0000-00-00 00:00:00',0,'2017-05-09 14:01:44',1494309704882,'0000-00-00 00:00:00',0),('340acfc46c03c6477e8b418c70c14da0','0fa0d32bb73d5bd616e7649eebdadeb2','admin','58.249.25.7','2017-04-01 16:29:42','0000-00-00 00:00:00',0,'2017-04-01 16:29:42',1491035382740,'0000-00-00 00:00:00',0),('348d80fb2dfdeccadc33ad9095a805c1','0fa0d32bb73d5bd616e7649eebdadeb2','admin','14.154.184.25','2017-05-08 16:24:58','0000-00-00 00:00:00',0,'2017-05-08 16:24:58',1494231898173,'0000-00-00 00:00:00',0),('37a321094666b4529baec663b3a65557','0fa0d32bb73d5bd616e7649eebdadeb2','admin','113.68.179.36','2017-04-04 14:11:56','0000-00-00 00:00:00',0,'2017-04-04 14:11:56',1491286316322,'0000-00-00 00:00:00',0),('38bbe7a50e3729dfb18cdf000939d19f','0fa0d32bb73d5bd616e7649eebdadeb2','admin','116.21.180.205','2017-04-04 14:25:29','0000-00-00 00:00:00',0,'2017-04-04 14:25:29',1491287129859,'0000-00-00 00:00:00',0),('3944e3d0232e2bab52917d4fbef0cd5d','0fa0d32bb73d5bd616e7649eebdadeb2','admin','183.54.192.210','2017-04-07 11:21:15','0000-00-00 00:00:00',0,'2017-04-07 11:21:15',1491535275500,'0000-00-00 00:00:00',0),('3a2ddadaec163669f7141a796f2d4b05','16e7649eebdadeb20fa0d32bb73d5bd6','account','113.68.179.36','2017-04-04 13:37:03','0000-00-00 00:00:00',0,'2017-04-04 13:37:03',1491284223732,'0000-00-00 00:00:00',0),('3b1709a81885bd16ed1cd5014b50dfd9','0fa0d32bb73d5bd616e7649eebdadeb2','admin','183.54.192.84','2017-04-06 17:12:24','0000-00-00 00:00:00',0,'2017-04-06 17:12:24',1491469944447,'0000-00-00 00:00:00',0),('3b5701038b6fa58d078135abb0a5ca3e','0fa0d32bb73d5bd616e7649eebdadeb2','admin','119.130.206.153','2017-05-02 16:55:21','0000-00-00 00:00:00',0,'2017-05-02 16:55:21',1493715321780,'0000-00-00 00:00:00',0),('3e43ec817fead78b1a55577b55644067','16e7649eebdadeb20fa0d32bb73d5bd6','account','116.23.155.95','2017-04-14 15:50:41','0000-00-00 00:00:00',0,'2017-04-14 15:50:41',1492156241521,'0000-00-00 00:00:00',0),('41abcd11c0ddff8c2af24f8c79798a77','0fa0d32bb73d5bd616e7649eebdadeb2','admin','119.130.207.251','2017-04-25 17:53:32','0000-00-00 00:00:00',0,'2017-04-25 17:53:32',1493114012397,'0000-00-00 00:00:00',0),('423600457d08afce9d81ced2ed8047a0','16e7649eebdadeb20fa0d32bb73d5bd6','account','116.21.180.114','2017-04-04 14:16:30','0000-00-00 00:00:00',0,'2017-04-04 14:16:30',1491286590551,'0000-00-00 00:00:00',0),('43aafa868ac66a278d13ee6d8364b699','0fa0d32bb73d5bd616e7649eebdadeb2','admin','116.23.155.52','2017-04-04 14:23:09','0000-00-00 00:00:00',0,'2017-04-04 14:23:09',1491286989268,'0000-00-00 00:00:00',0),('43f107f784e9d08c1c51df8ab535aebb','0fa0d32bb73d5bd616e7649eebdadeb2','admin','119.130.207.186','2017-05-09 14:58:50','0000-00-00 00:00:00',0,'2017-05-09 14:58:50',1494313130714,'0000-00-00 00:00:00',0),('489279267dd9bf909b067c495e048832','0fa0d32bb73d5bd616e7649eebdadeb2','admin','119.130.206.52','2017-05-04 10:31:02','0000-00-00 00:00:00',0,'2017-05-04 10:31:02',1493865062559,'0000-00-00 00:00:00',0),('4ab2b05186bb11c91d16316460e17ccc','0fa0d32bb73d5bd616e7649eebdadeb2','admin','58.249.25.7','2017-03-31 18:13:08','0000-00-00 00:00:00',0,'2017-03-31 18:13:08',1490955188641,'0000-00-00 00:00:00',0),('4adaf015b8196712b56021cead8b3fff','16e7649eebdadeb20fa0d32bb73d5bd6','account','183.54.192.147','2017-04-04 13:39:38','0000-00-00 00:00:00',0,'2017-04-04 13:39:38',1491284378278,'0000-00-00 00:00:00',0),('4bd04481aef364cbf39e49435ea3bf95','0fa0d32bb73d5bd616e7649eebdadeb2','admin','58.249.25.7','2017-04-01 19:32:43','0000-00-00 00:00:00',0,'2017-04-01 19:32:43',1491046363076,'0000-00-00 00:00:00',0),('4e86cfc1af38969031ddbdd0c480592d','0fa0d32bb73d5bd616e7649eebdadeb2','admin','116.23.155.95','2017-04-14 15:44:36','0000-00-00 00:00:00',0,'2017-04-14 15:44:36',1492155876579,'0000-00-00 00:00:00',0),('502f93d92ddc1324c076287230cbdebb','0fa0d32bb73d5bd616e7649eebdadeb2','admin','119.130.206.52','2017-05-05 08:59:36','0000-00-00 00:00:00',0,'2017-05-05 08:59:36',1493945976630,'0000-00-00 00:00:00',0),('51020101a2ca9cd8a2030c4a15c53c5b','0fa0d32bb73d5bd616e7649eebdadeb2','admin','116.21.180.205','2017-04-04 14:22:56','0000-00-00 00:00:00',0,'2017-04-04 14:22:56',1491286976625,'0000-00-00 00:00:00',0),('526bc03bac18decb824c7317bc8b23ba','0fa0d32bb73d5bd616e7649eebdadeb2','admin','36.43.87.42','2017-05-08 00:50:31','0000-00-00 00:00:00',0,'2017-05-08 00:50:31',1494175831611,'0000-00-00 00:00:00',0),('58a204b42486ac74b69d5aba3087e34a','0fa0d32bb73d5bd616e7649eebdadeb2','admin','119.130.206.52','2017-05-03 14:23:05','0000-00-00 00:00:00',0,'2017-05-03 14:23:05',1493792585514,'0000-00-00 00:00:00',0),('5b52bce7d0bdcd12887cd0380a4ea11d','0fa0d32bb73d5bd616e7649eebdadeb2','admin','58.249.25.7','2017-03-31 20:45:25','0000-00-00 00:00:00',0,'2017-03-31 20:45:25',1490964325240,'0000-00-00 00:00:00',0),('5ca3bddedac31efe7027731150aba4c4','0fa0d32bb73d5bd616e7649eebdadeb2','admin','119.130.206.52','2017-05-05 12:06:12','0000-00-00 00:00:00',0,'2017-05-05 12:06:12',1493957172632,'0000-00-00 00:00:00',0),('5e231bb86259bf8723f56dc8256ea812','0fa0d32bb73d5bd616e7649eebdadeb2','admin','58.249.25.7','2017-04-01 16:25:21','0000-00-00 00:00:00',0,'2017-04-01 16:25:21',1491035121098,'0000-00-00 00:00:00',0),('5ee79f4f7a18d4a06ffb01228bd95db2','0fa0d32bb73d5bd616e7649eebdadeb2','admin','58.249.25.7','2017-03-31 17:54:13','0000-00-00 00:00:00',0,'2017-03-31 17:54:13',1490954053353,'0000-00-00 00:00:00',0),('5f3d842f7731ad183b72f65fff666637','0fa0d32bb73d5bd616e7649eebdadeb2','admin','116.23.155.95','2017-04-14 18:46:45','0000-00-00 00:00:00',0,'2017-04-14 18:46:45',1492166805214,'0000-00-00 00:00:00',0),('60545457018ed5812e5ec656c2b6b5cc','0fa0d32bb73d5bd616e7649eebdadeb2','admin','119.130.206.52','2017-05-04 10:35:55','0000-00-00 00:00:00',0,'2017-05-04 10:35:55',1493865355199,'0000-00-00 00:00:00',0),('61d5a4962e6f609a64fa5f1a81aefeba','0fa0d32bb73d5bd616e7649eebdadeb2','admin','119.130.206.52','2017-05-08 10:37:09','0000-00-00 00:00:00',0,'2017-05-08 10:37:09',1494211029045,'0000-00-00 00:00:00',0),('6242c053e53c13a7de725f6de8b2f354','16e7649eebdadeb20fa0d32bb73d5bd6','account','183.54.192.84','2017-04-04 14:16:22','0000-00-00 00:00:00',0,'2017-04-04 14:16:22',1491286582942,'0000-00-00 00:00:00',0),('626336d9357ecb44fa4cb780f90fdacf','0fa0d32bb73d5bd616e7649eebdadeb2','admin','113.67.75.49','2017-04-12 17:54:39','0000-00-00 00:00:00',0,'2017-04-12 17:54:39',1491990879235,'0000-00-00 00:00:00',0),('62eef996837e7961c699a5e39e5e3750','0fa0d32bb73d5bd616e7649eebdadeb2','admin','58.249.25.7','2017-04-01 15:24:38','0000-00-00 00:00:00',0,'2017-04-01 15:24:38',1491031478364,'0000-00-00 00:00:00',0),('65e608772b3f9fab0c5ddb0aa21bbf44','0fa0d32bb73d5bd616e7649eebdadeb2','admin','116.21.180.114','2017-04-03 13:11:48','0000-00-00 00:00:00',0,'2017-04-03 13:11:48',1491196308083,'0000-00-00 00:00:00',0),('664ad983ffed440d6e5dfe0c66dd93fd','0fa0d32bb73d5bd616e7649eebdadeb2','admin','58.249.25.7','2017-04-01 19:29:17','0000-00-00 00:00:00',0,'2017-04-01 19:29:17',1491046157966,'0000-00-00 00:00:00',0),('666dcc1d3f6d5fd96fec4ff1cbb1f6fc','16e7649eebdadeb20fa0d32bb73d5bd6','account','116.23.155.95','2017-04-14 15:36:24','0000-00-00 00:00:00',0,'2017-04-14 15:36:24',1492155384040,'0000-00-00 00:00:00',0),('6944f26989c58008aed54cc60a9217b5','0fa0d32bb73d5bd616e7649eebdadeb2','admin','119.130.206.52','2017-05-04 10:28:09','0000-00-00 00:00:00',0,'2017-05-04 10:28:09',1493864889644,'0000-00-00 00:00:00',0),('69a511199e069cbdb45c9c43b037d924','0fa0d32bb73d5bd616e7649eebdadeb2','admin','113.68.179.36','2017-04-04 14:20:16','0000-00-00 00:00:00',0,'2017-04-04 14:20:16',1491286816651,'0000-00-00 00:00:00',0),('6c2f4ddc64b12365620063cdfd6f89fa','0fa0d32bb73d5bd616e7649eebdadeb2','admin','58.249.25.7','2017-03-31 21:00:47','0000-00-00 00:00:00',0,'2017-03-31 21:00:47',1490965247579,'0000-00-00 00:00:00',0),('6d3f8f13a89bc2d187421b9b8f57db73','0fa0d32bb73d5bd616e7649eebdadeb2','admin','14.154.184.25','2017-05-09 12:01:09','0000-00-00 00:00:00',0,'2017-05-09 12:01:09',1494302469959,'0000-00-00 00:00:00',0),('704826d0ac6f495f91cc463c8d9eb81c','16e7649eebdadeb20fa0d32bb73d5bd6','account','183.54.192.232','2017-04-04 14:17:48','0000-00-00 00:00:00',0,'2017-04-04 14:17:48',1491286668831,'0000-00-00 00:00:00',0),('77b6ab3f8d2372f5ec1a9b292fb94dc8','0fa0d32bb73d5bd616e7649eebdadeb2','admin','117.136.79.14','2017-05-08 20:45:00','0000-00-00 00:00:00',0,'2017-05-08 20:45:00',1494247500808,'0000-00-00 00:00:00',0),('7a02dde4e4e18805b13490fff747a2f4','0fa0d32bb73d5bd616e7649eebdadeb2','admin','116.23.155.95','2017-04-14 15:36:56','0000-00-00 00:00:00',0,'2017-04-14 15:36:56',1492155416209,'0000-00-00 00:00:00',0),('7a804aadee766fdf2d147ee317cc5a24','0fa0d32bb73d5bd616e7649eebdadeb2','admin','223.104.1.100','2017-05-09 01:37:02','0000-00-00 00:00:00',0,'2017-05-09 01:37:02',1494265022515,'0000-00-00 00:00:00',0),('7cf4359aa065028af00bb31e1aea8259','0fa0d32bb73d5bd616e7649eebdadeb2','admin','14.154.184.25','2017-05-08 11:29:53','0000-00-00 00:00:00',0,'2017-05-08 11:29:53',1494214193175,'0000-00-00 00:00:00',0),('7dbaf46d2af9c4a38ce386aaeb829750','16e7649eebdadeb20fa0d32bb73d5bd6','account','183.54.192.147','2017-04-04 13:36:47','0000-00-00 00:00:00',0,'2017-04-04 13:36:47',1491284207791,'0000-00-00 00:00:00',0),('7e715410901930662ba7b59687e9fe38','0fa0d32bb73d5bd616e7649eebdadeb2','admin','116.21.180.114','2017-04-04 14:23:02','0000-00-00 00:00:00',0,'2017-04-04 14:23:02',1491286982371,'0000-00-00 00:00:00',0),('7fe2c694354a0e5eefb443357d755189','0fa0d32bb73d5bd616e7649eebdadeb2','admin','183.54.192.186','2017-04-10 14:55:27','0000-00-00 00:00:00',0,'2017-04-10 14:55:27',1491807327547,'0000-00-00 00:00:00',0),('8195344f8d102c16edf93726a8d0e81f','0fa0d32bb73d5bd616e7649eebdadeb2','admin','113.65.160.187','2017-04-13 14:10:49','0000-00-00 00:00:00',0,'2017-04-13 14:10:49',1492063849002,'0000-00-00 00:00:00',0),('835ac00a83a9432db53a6ff312df75ca','16e7649eebdadeb20fa0d32bb73d5bd6','account','116.21.180.114','2017-04-04 13:57:11','0000-00-00 00:00:00',0,'2017-04-04 13:57:11',1491285431493,'0000-00-00 00:00:00',0),('8415498b30e0388b3dc9798da6b7e0f1','0fa0d32bb73d5bd616e7649eebdadeb2','admin','113.68.179.36','2017-04-04 14:21:15','0000-00-00 00:00:00',0,'2017-04-04 14:21:15',1491286875802,'0000-00-00 00:00:00',0),('8533be330f4a5bb0657b3e8ca960422d','0fa0d32bb73d5bd616e7649eebdadeb2','admin','113.65.160.160','2017-04-14 12:03:31','0000-00-00 00:00:00',0,'2017-04-14 12:03:31',1492142611050,'0000-00-00 00:00:00',0),('87203d43f9ca9fa5643e71aa3e334161','0fa0d32bb73d5bd616e7649eebdadeb2','admin','119.130.207.123','2017-04-20 15:48:50','0000-00-00 00:00:00',0,'2017-04-20 15:48:50',1492674530649,'0000-00-00 00:00:00',0),('901465ef495cca767dd2b1a5b10847c1','0fa0d32bb73d5bd616e7649eebdadeb2','admin','119.130.206.52','2017-05-06 14:29:41','0000-00-00 00:00:00',0,'2017-05-06 14:29:41',1494052181514,'0000-00-00 00:00:00',0),('90c0fe90590580bc960046e154d36101','0fa0d32bb73d5bd616e7649eebdadeb2','admin','116.21.180.59','2017-04-14 11:55:50','0000-00-00 00:00:00',0,'2017-04-14 11:55:50',1492142150143,'0000-00-00 00:00:00',0),('91c48751be86eb2cff2ecdef5a737e80','0fa0d32bb73d5bd616e7649eebdadeb2','admin','58.249.25.7','2017-03-31 20:47:43','0000-00-00 00:00:00',0,'2017-03-31 20:47:43',1490964463930,'0000-00-00 00:00:00',0),('9237c57b5c74614ed4d25341a125fd67','0fa0d32bb73d5bd616e7649eebdadeb2','admin','116.21.180.100','2017-04-11 16:48:19','0000-00-00 00:00:00',0,'2017-04-11 16:48:19',1491900499388,'0000-00-00 00:00:00',0),('932964da9fb6efe8a17cceab88d671d3','0fa0d32bb73d5bd616e7649eebdadeb2','admin','119.130.206.52','2017-05-04 10:36:18','0000-00-00 00:00:00',0,'2017-05-04 10:36:18',1493865378829,'0000-00-00 00:00:00',0),('9591d094edff82ce873cf2eca0cbc8cc','0fa0d32bb73d5bd616e7649eebdadeb2','admin','116.21.180.211','2017-04-14 18:45:51','0000-00-00 00:00:00',0,'2017-04-14 18:45:51',1492166751950,'0000-00-00 00:00:00',0),('976ee3df595a57fed2a38afb70018731','0fa0d32bb73d5bd616e7649eebdadeb2','admin','119.130.207.251','2017-04-27 14:33:13','0000-00-00 00:00:00',0,'2017-04-27 14:33:13',1493274793986,'0000-00-00 00:00:00',0),('98e1c42f611432cebf013832fb6bf6dd','16e7649eebdadeb20fa0d32bb73d5bd6','account','183.54.192.232','2017-04-04 14:13:36','0000-00-00 00:00:00',0,'2017-04-04 14:13:36',1491286416677,'0000-00-00 00:00:00',0),('9aa3fd72423605413a381e5db9c9758d','0fa0d32bb73d5bd616e7649eebdadeb2','admin','58.249.25.7','2017-03-31 19:37:11','0000-00-00 00:00:00',0,'2017-03-31 19:37:11',1490960231495,'0000-00-00 00:00:00',0),('9cd12269f102e2ebe6abc4121f8bab65','16e7649eebdadeb20fa0d32bb73d5bd6','account','116.21.181.6','2017-04-04 13:41:34','0000-00-00 00:00:00',0,'2017-04-04 13:41:34',1491284494470,'0000-00-00 00:00:00',0),('9d44b4c241a26401c161021b30b2d30d','16e7649eebdadeb20fa0d32bb73d5bd6','account','183.54.192.232','2017-04-04 13:55:18','0000-00-00 00:00:00',0,'2017-04-04 13:55:18',1491285318374,'0000-00-00 00:00:00',0),('9d47589d78e13c788a29b1235c2a0310','0fa0d32bb73d5bd616e7649eebdadeb2','admin','119.130.207.251','2017-04-26 11:22:57','0000-00-00 00:00:00',0,'2017-04-26 11:22:57',1493176977203,'0000-00-00 00:00:00',0),('9de02a3cb34d61cd1b6212f006da8e06','16e7649eebdadeb20fa0d32bb73d5bd6','account','183.54.192.147','2017-04-04 13:41:19','0000-00-00 00:00:00',0,'2017-04-04 13:41:19',1491284479704,'0000-00-00 00:00:00',0),('9e1a7ea52348182fca8071f56368a1f7','0fa0d32bb73d5bd616e7649eebdadeb2','admin','113.67.75.49','2017-04-11 17:18:31','0000-00-00 00:00:00',0,'2017-04-11 17:18:31',1491902311190,'0000-00-00 00:00:00',0),('a1e3e999fc8ce1ad01dc7780af74add2','0fa0d32bb73d5bd616e7649eebdadeb2','admin','116.21.181.6','2017-04-04 14:20:31','0000-00-00 00:00:00',0,'2017-04-04 14:20:31',1491286831362,'0000-00-00 00:00:00',0),('a323dcf4c886a8fc939ba95a6bd40f6e','0fa0d32bb73d5bd616e7649eebdadeb2','admin','113.68.179.36','2017-04-04 14:21:53','0000-00-00 00:00:00',0,'2017-04-04 14:21:53',1491286913985,'0000-00-00 00:00:00',0),('a5d97d350ce8668a18cb874f12e7f1b5','0fa0d32bb73d5bd616e7649eebdadeb2','admin','116.22.58.147','2017-05-06 18:40:20','0000-00-00 00:00:00',0,'2017-05-06 18:40:20',1494067220461,'0000-00-00 00:00:00',0),('a834503361e798f7142686bf1a7445d2','0fa0d32bb73d5bd616e7649eebdadeb2','admin','58.249.25.7','2017-03-31 17:17:52','0000-00-00 00:00:00',0,'2017-03-31 17:17:52',1490951872733,'0000-00-00 00:00:00',0),('a96aed10c4a99c262164a2645f5e76a5','16e7649eebdadeb20fa0d32bb73d5bd6','account','113.65.160.19','2017-04-14 18:49:25','0000-00-00 00:00:00',0,'2017-04-14 18:49:25',1492166965369,'0000-00-00 00:00:00',0),('abfca7e6789de9684af010c365221a49','0fa0d32bb73d5bd616e7649eebdadeb2','admin','58.249.25.7','2017-03-31 18:17:52','0000-00-00 00:00:00',0,'2017-03-31 18:17:52',1490955472421,'0000-00-00 00:00:00',0),('aefe28232cc059ffac0192551411d5b1','0fa0d32bb73d5bd616e7649eebdadeb2','admin','219.136.205.169','2017-04-06 11:40:55','0000-00-00 00:00:00',0,'2017-04-06 11:40:55',1491450055859,'0000-00-00 00:00:00',0),('b15b9459a7265b2fab6cc47b8203b877','16e7649eebdadeb20fa0d32bb73d5bd6','account','116.21.180.114','2017-04-04 13:40:45','0000-00-00 00:00:00',0,'2017-04-04 13:40:45',1491284445102,'0000-00-00 00:00:00',0),('b5846f668fdda04f8ca6681af9ec8f75','0fa0d32bb73d5bd616e7649eebdadeb2','admin','119.130.206.52','2017-05-04 10:32:30','0000-00-00 00:00:00',0,'2017-05-04 10:32:30',1493865150580,'0000-00-00 00:00:00',0),('b628fcb22ab0fed8fdbee7d7358d5751','0fa0d32bb73d5bd616e7649eebdadeb2','admin','58.249.25.7','2017-03-31 18:14:33','0000-00-00 00:00:00',0,'2017-03-31 18:14:33',1490955273761,'0000-00-00 00:00:00',0),('b7a042b14f93719015f9029bf767f8ae','16e7649eebdadeb20fa0d32bb73d5bd6','account','116.21.181.6','2017-04-04 13:59:48','0000-00-00 00:00:00',0,'2017-04-04 13:59:48',1491285588041,'0000-00-00 00:00:00',0),('ba8fd141406f8d0e95b189498fd33488','0fa0d32bb73d5bd616e7649eebdadeb2','admin','58.249.25.7','2017-04-01 20:32:55','0000-00-00 00:00:00',0,'2017-04-01 20:32:55',1491049975647,'0000-00-00 00:00:00',0),('bbe9507d3a6563c76662ab2216fc36cb','16e7649eebdadeb20fa0d32bb73d5bd6','account','183.54.192.147','2017-04-04 13:51:23','0000-00-00 00:00:00',0,'2017-04-04 13:51:23',1491285083011,'0000-00-00 00:00:00',0),('bd5302818be9d9d1e5aaeee6937bf065','16e7649eebdadeb20fa0d32bb73d5bd6','account','113.68.179.36','2017-04-04 13:53:14','0000-00-00 00:00:00',0,'2017-04-04 13:53:14',1491285194993,'0000-00-00 00:00:00',0),('bfb85cd4f74b278423f1ceec92ddfb00','0fa0d32bb73d5bd616e7649eebdadeb2','admin','116.21.180.205','2017-04-04 14:22:28','0000-00-00 00:00:00',0,'2017-04-04 14:22:28',1491286948415,'0000-00-00 00:00:00',0),('c116177711e9122e22989faafd7f31ea','0fa0d32bb73d5bd616e7649eebdadeb2','admin','113.68.179.36','2017-04-04 14:24:05','0000-00-00 00:00:00',0,'2017-04-04 14:24:05',1491287045451,'0000-00-00 00:00:00',0),('c2c08b9e97df576272e04c7267c4b320','0fa0d32bb73d5bd616e7649eebdadeb2','admin','119.130.207.251','2017-04-25 16:46:35','0000-00-00 00:00:00',0,'2017-04-25 16:46:35',1493109995509,'0000-00-00 00:00:00',0),('c2ca0d70bd085296b609b2c02d1bc287','16e7649eebdadeb20fa0d32bb73d5bd6','account','116.21.180.205','2017-04-04 14:13:49','0000-00-00 00:00:00',0,'2017-04-04 14:13:49',1491286429102,'0000-00-00 00:00:00',0),('c37eb41679531a10e3869abcc4477387','0fa0d32bb73d5bd616e7649eebdadeb2','admin','119.130.206.52','2017-05-03 07:56:25','0000-00-00 00:00:00',0,'2017-05-03 07:56:25',1493769385262,'0000-00-00 00:00:00',0),('c38c613ab6580f0ca72fb03c0d698040','16e7649eebdadeb20fa0d32bb73d5bd6','account','116.21.180.205','2017-04-04 14:17:19','0000-00-00 00:00:00',0,'2017-04-04 14:17:19',1491286639518,'0000-00-00 00:00:00',0),('c40632d546313e8cfab090aa65e076da','0fa0d32bb73d5bd616e7649eebdadeb2','admin','116.21.180.114','2017-04-06 19:46:41','0000-00-00 00:00:00',0,'2017-04-06 19:46:41',1491479201050,'0000-00-00 00:00:00',0),('c48debb6cc2fdf06a44815bc2854264f','16e7649eebdadeb20fa0d32bb73d5bd6','account','183.54.192.232','2017-04-04 14:17:13','0000-00-00 00:00:00',0,'2017-04-04 14:17:13',1491286633431,'0000-00-00 00:00:00',0),('c636c4cc6ccc144d24afcfcf75120576','0fa0d32bb73d5bd616e7649eebdadeb2','admin','119.130.206.52','2017-05-04 09:16:26','0000-00-00 00:00:00',0,'2017-05-04 09:16:26',1493860586348,'0000-00-00 00:00:00',0),('c6d60c581e0cd7a19b116e8f0b7877b4','0fa0d32bb73d5bd616e7649eebdadeb2','admin','58.249.25.7','2017-03-31 17:54:35','0000-00-00 00:00:00',0,'2017-03-31 17:54:35',1490954075618,'0000-00-00 00:00:00',0),('c7fa4fd790b5d3d071bd30278633f7eb','0fa0d32bb73d5bd616e7649eebdadeb2','admin','119.130.206.52','2017-05-05 10:17:51','0000-00-00 00:00:00',0,'2017-05-05 10:17:51',1493950671755,'0000-00-00 00:00:00',0),('c8d6c806636a9ead2410cb969e0c80c8','0fa0d32bb73d5bd616e7649eebdadeb2','admin','119.130.206.52','2017-05-06 10:41:28','0000-00-00 00:00:00',0,'2017-05-06 10:41:28',1494038488538,'0000-00-00 00:00:00',0),('c98981ebf43bc728bfc0d04880fb6d11','0fa0d32bb73d5bd616e7649eebdadeb2','admin','116.21.181.6','2017-04-04 14:20:09','0000-00-00 00:00:00',0,'2017-04-04 14:20:09',1491286809565,'0000-00-00 00:00:00',0),('ca6cc7ed1ea0e4ae133c53f3cdf3d724','0fa0d32bb73d5bd616e7649eebdadeb2','admin','58.249.25.7','2017-03-31 17:41:18','0000-00-00 00:00:00',0,'2017-03-31 17:41:18',1490953278249,'0000-00-00 00:00:00',0),('cd65c9159ee0206e45d21b090c6f6c9f','0fa0d32bb73d5bd616e7649eebdadeb2','admin','58.249.25.7','2017-03-31 17:27:57','0000-00-00 00:00:00',0,'2017-03-31 17:27:57',1490952477113,'0000-00-00 00:00:00',0),('cdf5eb8bda5e1970ac764fd5cd24401b','0fa0d32bb73d5bd616e7649eebdadeb2','admin','113.65.160.19','2017-04-14 11:52:57','0000-00-00 00:00:00',0,'2017-04-14 11:52:57',1492141977167,'0000-00-00 00:00:00',0),('ce87380c84aba68c3eabfb993e627ae8','0fa0d32bb73d5bd616e7649eebdadeb2','admin','119.130.207.186','2017-05-09 08:10:43','0000-00-00 00:00:00',0,'2017-05-09 08:10:43',1494288643228,'0000-00-00 00:00:00',0),('ce9a6eb3ac0a206e1be81e7fc5bb7d1b','0fa0d32bb73d5bd616e7649eebdadeb2','admin','116.21.180.114','2017-04-04 14:10:19','0000-00-00 00:00:00',0,'2017-04-04 14:10:19',1491286219690,'0000-00-00 00:00:00',0),('d47529297473b623d74ee660cd3f548e','0fa0d32bb73d5bd616e7649eebdadeb2','admin','119.130.207.251','2017-04-27 17:42:39','0000-00-00 00:00:00',0,'2017-04-27 17:42:39',1493286159709,'0000-00-00 00:00:00',0),('d4e7acd6391f3b1d5b06203236cca5d1','0fa0d32bb73d5bd616e7649eebdadeb2','admin','119.130.206.52','2017-05-05 12:06:58','0000-00-00 00:00:00',0,'2017-05-05 12:06:58',1493957218736,'0000-00-00 00:00:00',0),('d6063a5760585c463525f20f60d8ac6d','0fa0d32bb73d5bd616e7649eebdadeb2','admin','58.249.25.7','2017-03-31 17:49:37','0000-00-00 00:00:00',0,'2017-03-31 17:49:37',1490953777169,'0000-00-00 00:00:00',0),('d629567cb919845107edba5c77c1ba79','0fa0d32bb73d5bd616e7649eebdadeb2','admin','113.68.179.36','2017-04-04 14:24:15','0000-00-00 00:00:00',0,'2017-04-04 14:24:15',1491287055246,'0000-00-00 00:00:00',0),('d71df8c2726e7c919e444509563cfe44','0fa0d32bb73d5bd616e7649eebdadeb2','admin','113.65.160.19','2017-04-14 18:55:49','0000-00-00 00:00:00',0,'2017-04-14 18:55:49',1492167349276,'0000-00-00 00:00:00',0),('d75b2e5aa723435cf53ef631f3869efc','0fa0d32bb73d5bd616e7649eebdadeb2','admin','119.130.207.123','2017-04-20 10:54:06','0000-00-00 00:00:00',0,'2017-04-20 10:54:06',1492656846251,'0000-00-00 00:00:00',0),('db25ac293ba2f7784682dffc32896696','0fa0d32bb73d5bd616e7649eebdadeb2','admin','119.130.206.153','2017-05-02 08:37:20','0000-00-00 00:00:00',0,'2017-05-02 08:37:20',1493685440059,'0000-00-00 00:00:00',0),('db478c31e202616c882999a4c0f13ef0','0fa0d32bb73d5bd616e7649eebdadeb2','admin','183.54.192.186','2017-04-11 12:51:27','0000-00-00 00:00:00',0,'2017-04-11 12:51:27',1491886287862,'0000-00-00 00:00:00',0),('dc19f7504fb8d04cb6de3d1f16b1f43a','16e7649eebdadeb20fa0d32bb73d5bd6','account','116.21.180.114','2017-04-04 14:16:39','0000-00-00 00:00:00',0,'2017-04-04 14:16:39',1491286599882,'0000-00-00 00:00:00',0),('dc63491c8f38323a4d30b4e7d2228002','16e7649eebdadeb20fa0d32bb73d5bd6','account','116.21.181.6','2017-04-04 13:40:07','0000-00-00 00:00:00',0,'2017-04-04 13:40:07',1491284407794,'0000-00-00 00:00:00',0),('dcc90d0b8bc4954d3ac7513ed3e3f67b','16e7649eebdadeb20fa0d32bb73d5bd6','account','116.23.155.52','2017-04-04 14:07:09','0000-00-00 00:00:00',0,'2017-04-04 14:07:09',1491286029024,'0000-00-00 00:00:00',0),('dd288a38fe14230b2e9034f1ed12a5cd','0fa0d32bb73d5bd616e7649eebdadeb2','admin','58.249.25.7','2017-03-31 21:05:12','0000-00-00 00:00:00',0,'2017-03-31 21:05:12',1490965512238,'0000-00-00 00:00:00',0),('de4b762dffef10176dd7768d6f066c40','0fa0d32bb73d5bd616e7649eebdadeb2','admin','113.67.75.169','2017-04-11 14:22:41','0000-00-00 00:00:00',0,'2017-04-11 14:22:41',1491891761847,'0000-00-00 00:00:00',0),('de9982657ae11d8a236b24b695d67306','0fa0d32bb73d5bd616e7649eebdadeb2','admin','183.54.192.84','2017-04-11 12:11:45','0000-00-00 00:00:00',0,'2017-04-11 12:11:45',1491883905329,'0000-00-00 00:00:00',0),('e0122067ae7b0c7f95385b0956477792','16e7649eebdadeb20fa0d32bb73d5bd6','account','116.21.180.205','2017-04-04 14:24:33','0000-00-00 00:00:00',0,'2017-04-04 14:24:33',1491287073771,'0000-00-00 00:00:00',0),('e08e913397d7a99bd993264db6bcf5d0','16e7649eebdadeb20fa0d32bb73d5bd6','account','113.68.179.36','2017-04-04 13:53:05','0000-00-00 00:00:00',0,'2017-04-04 13:53:05',1491285185477,'0000-00-00 00:00:00',0),('e157dd022b5e11e8d0b244a146b99a5e','0fa0d32bb73d5bd616e7649eebdadeb2','admin','119.130.207.251','2017-04-28 09:29:26','0000-00-00 00:00:00',0,'2017-04-28 09:29:26',1493342966591,'0000-00-00 00:00:00',0),('e316b8ecc0169afeb4c0507d55ad44a0','16e7649eebdadeb20fa0d32bb73d5bd6','account','183.54.192.232','2017-04-04 14:13:43','0000-00-00 00:00:00',0,'2017-04-04 14:13:43',1491286423396,'0000-00-00 00:00:00',0),('e3ef14fc3b61c02ada61a1ede35799ca','0fa0d32bb73d5bd616e7649eebdadeb2','admin','119.130.207.251','2017-04-27 11:02:33','0000-00-00 00:00:00',0,'2017-04-27 11:02:33',1493262153882,'0000-00-00 00:00:00',0),('e5ebb2d0f5aa8d1fc36765cb3cb0946b','16e7649eebdadeb20fa0d32bb73d5bd6','account','116.23.155.95','2017-04-14 15:36:47','0000-00-00 00:00:00',0,'2017-04-14 15:36:47',1492155407823,'0000-00-00 00:00:00',0),('e62c797b3a57643815497d876d783662','0fa0d32bb73d5bd616e7649eebdadeb2','admin','58.249.25.7','2017-03-31 17:19:07','0000-00-00 00:00:00',0,'2017-03-31 17:19:07',1490951947225,'0000-00-00 00:00:00',0),('e767d498b06bc82374ac7f114fc81a70','0fa0d32bb73d5bd616e7649eebdadeb2','admin','58.249.25.7','2017-03-31 18:17:23','0000-00-00 00:00:00',0,'2017-03-31 18:17:23',1490955443430,'0000-00-00 00:00:00',0),('e90399c935dc426c41930ed84554c997','16e7649eebdadeb20fa0d32bb73d5bd6','account','113.65.160.19','2017-04-14 15:45:11','0000-00-00 00:00:00',0,'2017-04-14 15:45:11',1492155911133,'0000-00-00 00:00:00',0),('ebf59559c214a4128b4e9d2ecdf5b8a4','0fa0d32bb73d5bd616e7649eebdadeb2','admin','58.249.25.7','2017-04-01 18:25:50','0000-00-00 00:00:00',0,'2017-04-01 18:25:50',1491042350044,'0000-00-00 00:00:00',0),('ec3bed46b8245713048cc993ace3d2b0','0fa0d32bb73d5bd616e7649eebdadeb2','admin','119.130.207.251','2017-04-27 10:58:08','0000-00-00 00:00:00',0,'2017-04-27 10:58:08',1493261888202,'0000-00-00 00:00:00',0),('ecd28deeacd82a7142c5538b4a22814e','0fa0d32bb73d5bd616e7649eebdadeb2','admin','116.21.180.114','2017-04-03 13:17:41','0000-00-00 00:00:00',0,'2017-04-03 13:17:41',1491196661582,'0000-00-00 00:00:00',0),('eded5e23ce03f5e424f0cf711061ac3c','0fa0d32bb73d5bd616e7649eebdadeb2','admin','119.130.207.251','2017-04-28 08:56:38','0000-00-00 00:00:00',0,'2017-04-28 08:56:38',1493340998689,'0000-00-00 00:00:00',0),('ee9e69335309737b0a7cef08195d3b49','0fa0d32bb73d5bd616e7649eebdadeb2','admin','116.23.154.202','2017-04-05 15:23:19','0000-00-00 00:00:00',0,'2017-04-05 15:23:19',1491376999243,'0000-00-00 00:00:00',0),('eee43dcd3500b6dc74579b72901b1518','0fa0d32bb73d5bd616e7649eebdadeb2','admin','116.23.155.52','2017-04-04 14:08:26','0000-00-00 00:00:00',0,'2017-04-04 14:08:26',1491286106244,'0000-00-00 00:00:00',0),('f1521255ff76cf72de15e0539bc10d86','0fa0d32bb73d5bd616e7649eebdadeb2','admin','183.54.192.147','2017-04-03 13:10:53','0000-00-00 00:00:00',0,'2017-04-03 13:10:53',1491196253711,'0000-00-00 00:00:00',0),('f1a41e85aecc2f0778f63e7565af08b0','0fa0d32bb73d5bd616e7649eebdadeb2','admin','183.54.192.232','2017-04-04 14:10:03','0000-00-00 00:00:00',0,'2017-04-04 14:10:03',1491286203487,'0000-00-00 00:00:00',0),('f316274e5b5db1f36809254e0e8b085a','0fa0d32bb73d5bd616e7649eebdadeb2','admin','119.130.206.52','2017-05-08 10:23:30','0000-00-00 00:00:00',0,'2017-05-08 10:23:30',1494210210408,'0000-00-00 00:00:00',0),('f345f32a218a24b22822a19dbcd87928','0fa0d32bb73d5bd616e7649eebdadeb2','admin','58.249.25.7','2017-03-31 20:57:26','0000-00-00 00:00:00',0,'2017-03-31 20:57:26',1490965046282,'0000-00-00 00:00:00',0),('f42f73ff6fdc996b9c054b4701ea6e50','16e7649eebdadeb20fa0d32bb73d5bd6','account','183.54.192.232','2017-04-04 14:16:16','0000-00-00 00:00:00',0,'2017-04-04 14:16:16',1491286576980,'0000-00-00 00:00:00',0),('f446130b765b32f3c8c2e95d18f06033','0fa0d32bb73d5bd616e7649eebdadeb2','admin','119.130.207.251','2017-04-28 09:19:09','0000-00-00 00:00:00',0,'2017-04-28 09:19:09',1493342349060,'0000-00-00 00:00:00',0),('f5ad548f22cc1ffc0408da9ccea7aded','0fa0d32bb73d5bd616e7649eebdadeb2','admin','14.154.184.25','2017-05-09 10:20:42','0000-00-00 00:00:00',0,'2017-05-09 10:20:42',1494296442943,'0000-00-00 00:00:00',0),('f5c9ae761542f41ea06f824752d68844','0fa0d32bb73d5bd616e7649eebdadeb2','admin','119.130.206.52','2017-05-04 11:31:38','0000-00-00 00:00:00',0,'2017-05-04 11:31:38',1493868698115,'0000-00-00 00:00:00',0),('f79219dccef9611e8ef5e5c768055c76','0fa0d32bb73d5bd616e7649eebdadeb2','admin','119.130.207.251','2017-04-28 10:11:59','0000-00-00 00:00:00',0,'2017-04-28 10:11:59',1493345519599,'0000-00-00 00:00:00',0),('f90a419e52c28ff26f8b7b9c9edd5348','0fa0d32bb73d5bd616e7649eebdadeb2','admin','119.130.206.153','2017-05-02 16:32:49','0000-00-00 00:00:00',0,'2017-05-02 16:32:49',1493713969852,'0000-00-00 00:00:00',0),('f915277fa56a594ee989ec73c267c691','16e7649eebdadeb20fa0d32bb73d5bd6','account','183.54.192.147','2017-04-04 13:48:45','0000-00-00 00:00:00',0,'2017-04-04 13:48:45',1491284925225,'0000-00-00 00:00:00',0),('fa05228d71249de03d79691924db4b5e','0fa0d32bb73d5bd616e7649eebdadeb2','admin','58.249.25.7','2017-03-31 17:21:36','0000-00-00 00:00:00',0,'2017-03-31 17:21:36',1490952096739,'0000-00-00 00:00:00',0),('fa4485a4a40616337fc430b5e60eca24','0fa0d32bb73d5bd616e7649eebdadeb2','admin','119.130.206.52','2017-05-07 13:29:25','0000-00-00 00:00:00',0,'2017-05-07 13:29:25',1494134965520,'0000-00-00 00:00:00',0),('fb98b8d7e519e17f9681ee7585a2bd24','16e7649eebdadeb20fa0d32bb73d5bd6','account','183.54.192.84','2017-04-04 13:56:54','0000-00-00 00:00:00',0,'2017-04-04 13:56:54',1491285414538,'0000-00-00 00:00:00',0),('fd264a93b5cc59d6d79fefe4a0fc0f55','0fa0d32bb73d5bd616e7649eebdadeb2','admin','58.249.25.7','2017-03-31 17:51:34','0000-00-00 00:00:00',0,'2017-03-31 17:51:34',1490953894219,'0000-00-00 00:00:00',0);

#
# Structure for table "wx_admin_menu"
#

DROP TABLE IF EXISTS `wx_admin_menu`;
CREATE TABLE `wx_admin_menu` (
  `id` varchar(32) NOT NULL DEFAULT '',
  `pid` varchar(32) NOT NULL DEFAULT '' COMMENT '菜单对应权限ID',
  `level` tinyint(3) NOT NULL DEFAULT '1' COMMENT '菜单等级',
  `pmid` varchar(32) NOT NULL DEFAULT '' COMMENT '父菜单id，空为一级菜单',
  `is_show` tinyint(3) NOT NULL DEFAULT '1' COMMENT '是否显示,1显示，0不显示',
  `name` varchar(255) NOT NULL DEFAULT '' COMMENT '菜单名',
  `url` varchar(255) NOT NULL DEFAULT '' COMMENT '菜单路径',
  `icon` varchar(255) NOT NULL DEFAULT '' COMMENT '图标',
  `seq` bigint(13) unsigned NOT NULL DEFAULT '1000' COMMENT '排序',
  `add_time` datetime NOT NULL DEFAULT '0000-00-00 00:00:00' COMMENT '添加时间',
  `d_status` tinyint(3) unsigned NOT NULL DEFAULT '0' COMMENT '标识数据状态，0正常，4删除',
  `d_insert` datetime NOT NULL DEFAULT '0000-00-00 00:00:00' COMMENT '插入日期',
  `d_insertms` bigint(13) unsigned NOT NULL DEFAULT '0' COMMENT '插入的时间毫秒数',
  `d_update` datetime NOT NULL DEFAULT '0000-00-00 00:00:00' COMMENT '更新日期',
  `d_updatems` bigint(13) unsigned NOT NULL DEFAULT '0' COMMENT '更新的时间毫秒数',
  PRIMARY KEY (`id`)
) ENGINE=InnoDB DEFAULT CHARSET=utf8;

#
# Data for table "wx_admin_menu"
#

INSERT INTO `wx_admin_menu` VALUES ('010cab6a2e2b43f746c26300773cf664','3dbef80b06a78b54b0d70daf2d7b19c9',1,'',1,'权限管理','','',1,'2017-03-31 19:34:02',0,'2017-03-31 19:34:02',1490960042771,'0000-00-00 00:00:00',0),('084fbeec45968e9f9602f9fcf5443267','e726a09c4b512c7c578734c922ce0a37',2,'010cab6a2e2b43f746c26300773cf664',1,'权限列表','../AdminPrivilege/act_list','',1,'2017-04-01 12:49:09',0,'2017-04-01 12:49:09',1491022149232,'0000-00-00 00:00:00',0),('17dd29b627764d1ae04eba34e8847612','37cc0dbae3f3a3a9ae1e0d83eba0f4cf',2,'ed3654654a57919bc1bb7dddc0b37851',0,'菜单添加','../AdminMenu/act_add','',2,'2017-04-01 12:49:09',0,'2017-04-01 12:49:09',1491022149232,'0000-00-00 00:00:00',0),('1f2da19c100ce18325bc7500782ee316','471be0b182f5ac4c0e92557d2c6f4bc8',2,'ed3654654a57919bc1bb7dddc0b37851',0,'菜单编辑','../AdminMenu/act_edit','',3,'2017-04-01 12:49:09',0,'2017-04-01 12:49:09',1491022149232,'0000-00-00 00:00:00',0),('38015ff52655015a21709d6c931838b8','8f062b8954a1ffef309c36364e02a228',2,'477822512c34f057c0366aa97cfb1a02',1,'管理员列表','../AdminUser/act_list','',0,'2017-04-05 18:10:18',0,'2017-04-05 18:10:18',1491387018274,'0000-00-00 00:00:00',0),('3bd9c6bde63ede930c98f470ffd118f2','775cae9c0bc10a823b13e49171352c03',2,'a0491827a21b4df1f9257f5f41c93be0',0,'新增标签','../Target/act_add','',1000,'2017-04-27 11:38:29',0,'2017-04-27 11:38:29',1493264309463,'2017-04-28 10:12:21',1493345541615),('40187df86e979a947e3955eba9448ea7','37f1f44046870815077542639fe23ea1',2,'a0491827a21b4df1f9257f5f41c93be0',1,'标签列表','../Target/act_list','',1000,'2017-04-28 10:13:53',0,'2017-04-28 10:13:53',1493345633754,'0000-00-00 00:00:00',0),('477822512c34f057c0366aa97cfb1a02','e98b73c2b12515b1e72b6f77ebbd7aa5',1,'',1,'管理员管理','','',0,'2017-04-05 18:09:49',0,'2017-04-05 18:09:49',1491386989855,'0000-00-00 00:00:00',0),('57f39b4a1032f798886e3aa5508c8264','947a5a7aab325e0e371282167b4cad6e',2,'be7afb03117c5cbbc61ce3f7a69a10ff',1,'用户列表','../User/act_list','',0,'2017-04-13 17:07:09',0,'2017-04-13 17:07:09',1492074429360,'0000-00-00 00:00:00',0),('6aab33262dffeb1c0a43636752c8760e','8f2eed2c0211393042ff38a344efa845',2,'010cab6a2e2b43f746c26300773cf664',0,'权限添加','../AdminPrivilege/act_add','',2,'2017-03-31 19:34:02',0,'2017-03-31 19:34:02',1490960042771,'0000-00-00 00:00:00',0),('802ef3c332bfc69327c6d763844c2aec','96182df771a12c978f6b5527eee250b7',2,'bd9e0adaf687f721feb4ff31111ddf6e',0,'添加角色','../AdminGroup/act_add','',0,'2017-04-04 15:09:51',0,'2017-04-04 15:09:51',1491289791112,'0000-00-00 00:00:00',0),('983472edae8d4f23af527369e1f8add6','a8d7a1cc435e703a7a6aa9fe7a2bf52c',2,'bd9e0adaf687f721feb4ff31111ddf6e',1,'角色列表','../AdminGroup/act_list','',0,'2017-04-04 15:13:31',0,'2017-04-04 15:13:31',1491290011425,'0000-00-00 00:00:00',0),('a0491827a21b4df1f9257f5f41c93be0','c21796dac689543ea35a73e5df30fe40',1,'',1,'标签管理','','',1000,'2017-04-27 11:37:00',0,'2017-04-27 11:37:00',1493264220778,'0000-00-00 00:00:00',0),('bc0f819a3203c42b1431b14e3fbeb861','aa2db720ad56be73a86eeb5e6afe701d',2,'be7afb03117c5cbbc61ce3f7a69a10ff',0,'用户详情','../User/act_detail','',1000,'2017-04-13 17:07:34',0,'2017-04-13 17:07:34',1492074454494,'2017-04-13 17:09:25',1492074565230),('bd9e0adaf687f721feb4ff31111ddf6e','493955c6b2e8114fd791532746fffd43',1,'',1,'角色组管理','','',1000,'2017-04-04 15:08:24',0,'2017-04-04 15:08:24',1491289704029,'2017-04-13 14:41:49',1492065709746),('be7afb03117c5cbbc61ce3f7a69a10ff','db465de67c1b79babe9e1b5fc8c7a459',1,'',1,'用户管理','','',0,'2017-04-13 17:04:18',0,'2017-04-13 17:04:18',1492074258466,'0000-00-00 00:00:00',0),('c296b9e873f746a3aeab373c67b5d750','0e0f44747c473fd09f130ad971339498',2,'ed3654654a57919bc1bb7dddc0b37851',1,'菜单列表','../AdminMenu/act_list','',1,'2017-04-01 12:49:09',0,'2017-04-01 12:49:09',1491022149232,'0000-00-00 00:00:00',0),('c46efa5d2502216cc5b4d6708b7f8b2a','2289d0b9f0789a09534e7095e7334d17',2,'bd9e0adaf687f721feb4ff31111ddf6e',0,'编辑角色','../AdminGroup/act_edit','',0,'2017-04-04 15:10:12',0,'2017-04-04 15:10:12',1491289812367,'0000-00-00 00:00:00',0),('d0b3c0f538a7746e927734c707070570','e22a2d293a50f95825c5dc9da2098fd1',1,'',1,'自定义微信菜单','../Menu/index','',1000,'2017-04-27 17:56:14',0,'2017-04-27 17:56:14',1493286974245,'0000-00-00 00:00:00',0),('d9a9de107788ec2504635dcfdb21880f','168cdd65b88052a0e03e06aff3304df5',2,'010cab6a2e2b43f746c26300773cf664',0,'权限编辑','../AdminPrivilege/act_edit','',3,'2017-03-31 19:34:02',0,'2017-03-31 19:34:02',1490960042771,'0000-00-00 00:00:00',0),('eb67cf3484f045195d211253dbf1bc34','0e0f44747c473fd09f130ad971339498',2,'be7afb03117c5cbbc61ce3f7a69a10ff',1,'扫码用户列表','../CodeRecord/act_list','',1000,'2017-04-27 17:25:43',0,'2017-04-27 17:25:43',1493285143506,'2017-04-27 18:00:08',1493287208083),('ec3c47dd85d5c830fb1d4b0e87f6d444','af57eab8a9a4823c48dfbb178603f671',2,'be7afb03117c5cbbc61ce3f7a69a10ff',0,'用户编辑','../User/act_edit','',1000,'2017-04-13 17:08:30',0,'2017-04-13 17:08:30',1492074510895,'2017-04-13 17:09:34',1492074574232),('ed3654654a57919bc1bb7dddc0b37851','f3cdab68b55d6e02569de94b29e1cd17',1,'',1,'菜单管理','','',1,'2017-04-01 12:49:09',0,'2017-04-01 12:49:09',1491022149232,'0000-00-00 00:00:00',0);

#
# Structure for table "wx_admin_privilege"
#

DROP TABLE IF EXISTS `wx_admin_privilege`;
CREATE TABLE `wx_admin_privilege` (
  `id` varchar(32) NOT NULL DEFAULT '',
  `pid` varchar(32) NOT NULL DEFAULT '' COMMENT '父级权限ID，空为一级权限',
  `name` varchar(255) NOT NULL DEFAULT '' COMMENT '权限名称',
  `level` tinyint(3) NOT NULL DEFAULT '1' COMMENT '权限等级',
  `is_show` tinyint(3) NOT NULL DEFAULT '1' COMMENT '是否显示,1显示，0不显示',
  `url` varchar(255) NOT NULL DEFAULT '' COMMENT '权限路径',
  `seq` bigint(13) unsigned NOT NULL DEFAULT '0' COMMENT '排序',
  `add_time` datetime NOT NULL DEFAULT '0000-00-00 00:00:00' COMMENT '添加时间',
  `d_status` tinyint(3) unsigned NOT NULL DEFAULT '0' COMMENT '标识数据状态，0正常，4删除',
  `d_insert` datetime NOT NULL DEFAULT '0000-00-00 00:00:00' COMMENT '插入日期',
  `d_insertms` bigint(13) unsigned NOT NULL DEFAULT '0' COMMENT '插入的时间毫秒数',
  `d_update` datetime NOT NULL DEFAULT '0000-00-00 00:00:00' COMMENT '更新日期',
  `d_updatems` bigint(13) unsigned NOT NULL DEFAULT '0' COMMENT '更新的时间毫秒数',
  PRIMARY KEY (`id`)
) ENGINE=InnoDB DEFAULT CHARSET=utf8;

#
# Data for table "wx_admin_privilege"
#

INSERT INTO `wx_admin_privilege` VALUES ('0e0f44747c473fd09f130ad971339498','f3cdab68b55d6e02569de94b29e1cd17','菜单列表',2,1,'../AdminMenu/act_list',1,'2017-04-01 12:38:38',0,'2017-04-01 12:38:38',1491021518235,'0000-00-00 00:00:00',0),('168cdd65b88052a0e03e06aff3304df5','3dbef80b06a78b54b0d70daf2d7b19c9','权限编辑',2,1,'../AdminPrivilege/act_edit',3,'2017-03-31 19:34:02',0,'2017-03-31 19:34:02',1490960042764,'0000-00-00 00:00:00',0),('2289d0b9f0789a09534e7095e7334d17','493955c6b2e8114fd791532746fffd43','角色编辑',2,1,'../AdminUserGroup/act_edit',1000,'2017-04-03 13:16:50',0,'2017-04-03 13:16:50',1491196610402,'0000-00-00 00:00:00',0),('37cc0dbae3f3a3a9ae1e0d83eba0f4cf','f3cdab68b55d6e02569de94b29e1cd17','菜单添加',2,1,'../AdminMenu/act_add',2,'2017-04-01 12:38:38',0,'2017-04-01 12:38:38',1491021518236,'0000-00-00 00:00:00',0),('37f1f44046870815077542639fe23ea1','c21796dac689543ea35a73e5df30fe40','标签列表',2,1,'../Target/act_list',1000,'2017-04-28 10:13:17',0,'2017-04-28 10:13:17',1493345597717,'0000-00-00 00:00:00',0),('3dbef80b06a78b54b0d70daf2d7b19c9','','权限管理',1,1,'',1,'2017-03-31 19:34:02',0,'2017-03-31 19:34:02',1490960042761,'0000-00-00 00:00:00',0),('471be0b182f5ac4c0e92557d2c6f4bc8','f3cdab68b55d6e02569de94b29e1cd17','菜单编辑',2,1,'../AdminMenu/act_edit',2,'2017-04-01 12:38:38',0,'2017-04-01 12:38:38',1491021518236,'2017-05-09 10:27:40',1494296860323),('493955c6b2e8114fd791532746fffd43','','角色组管理',1,1,'',3,'2017-04-01 20:00:57',0,'2017-04-01 20:00:57',1491048057055,'0000-00-00 00:00:00',0),('513e38a09e1c84a69b940952db52c27d','e98b73c2b12515b1e72b6f77ebbd7aa5','封锁管理员',2,1,'../AdminUser/act_forbidden',0,'2017-04-05 18:04:16',0,'2017-04-05 18:04:16',1491386656749,'2017-04-05 18:05:55',1491386755602),('53c015b6ea97569d83daa33e2e69f2cb','e98b73c2b12515b1e72b6f77ebbd7aa5','删除管理员',2,1,'../AdminUser/act_delete',0,'2017-04-05 18:05:20',0,'2017-04-05 18:05:20',1491386720119,'0000-00-00 00:00:00',0),('775cae9c0bc10a823b13e49171352c03','c21796dac689543ea35a73e5df30fe40','新增标签',2,1,'../Target/act_add',1000,'2017-04-27 11:37:53',0,'2017-04-27 11:37:53',1493264273369,'0000-00-00 00:00:00',0),('8f062b8954a1ffef309c36364e02a228','e98b73c2b12515b1e72b6f77ebbd7aa5','管理员列表',2,1,'../AdminUser/act_list',0,'2017-04-05 18:00:57',0,'2017-04-05 18:00:57',1491386457350,'0000-00-00 00:00:00',0),('8f2eed2c0211393042ff38a344efa845','3dbef80b06a78b54b0d70daf2d7b19c9','权限添加',2,1,'../AdminPrivilege/act_add',2,'2017-03-31 19:34:02',0,'2017-03-31 19:34:02',1490960042763,'0000-00-00 00:00:00',0),('947a5a7aab325e0e371282167b4cad6e','db465de67c1b79babe9e1b5fc8c7a459','用户列表',2,1,'../User/act_list',1000,'2017-04-05 18:06:31',0,'2017-04-05 18:06:31',1491386791287,'2017-04-13 17:11:45',1492074705177),('96182df771a12c978f6b5527eee250b7','493955c6b2e8114fd791532746fffd43','添加角色',2,1,'../AdminUserGroup/act_add',100,'2017-04-03 13:15:45',0,'2017-04-03 13:15:45',1491196545021,'0000-00-00 00:00:00',0),('98b50bc58a05dc7a8db1098db0662000','e98b73c2b12515b1e72b6f77ebbd7aa5','添加管理员',2,1,'../AdminUser/act_add',0,'2017-04-05 18:02:19',0,'2017-04-05 18:02:19',1491386539763,'0000-00-00 00:00:00',0),('a8d7a1cc435e703a7a6aa9fe7a2bf52c','493955c6b2e8114fd791532746fffd43','角色列表',2,1,'../AdminUserGroup/act_list',100,'2017-04-03 13:12:37',0,'2017-04-03 13:12:37',1491196357761,'0000-00-00 00:00:00',0),('aa2db720ad56be73a86eeb5e6afe701d','db465de67c1b79babe9e1b5fc8c7a459','用户详情',2,1,'../User/act_detail',1000,'2017-04-13 17:06:23',0,'2017-04-13 17:06:23',1492074383741,'0000-00-00 00:00:00',0),('af57eab8a9a4823c48dfbb178603f671','db465de67c1b79babe9e1b5fc8c7a459','用户编辑',2,1,'../User/act_edit',1000,'2017-04-13 17:05:51',0,'2017-04-13 17:05:51',1492074351108,'0000-00-00 00:00:00',0),('c21796dac689543ea35a73e5df30fe40','','标签管理',1,1,'',1000,'2017-04-27 11:35:30',0,'2017-04-27 11:35:30',1493264130866,'0000-00-00 00:00:00',0),('c51339925c487a51d19955e80d880af2','e98b73c2b12515b1e72b6f77ebbd7aa5','编辑管理员',2,1,'../AdminUser/act_edit',0,'2017-04-05 18:02:43',0,'2017-04-05 18:02:43',1491386563452,'0000-00-00 00:00:00',0),('db465de67c1b79babe9e1b5fc8c7a459','','用户管理',1,1,'',0,'2017-04-04 17:49:04',0,'2017-04-04 17:49:04',1491299344051,'0000-00-00 00:00:00',0),('e22a2d293a50f95825c5dc9da2098fd1','','自定义微信菜单',1,1,'',1000,'2017-04-27 17:55:39',0,'2017-04-27 17:55:39',1493286939891,'0000-00-00 00:00:00',0),('e726a09c4b512c7c578734c922ce0a37','3dbef80b06a78b54b0d70daf2d7b19c9','权限列表',2,1,'../AdminPrivilege/act_list',1,'2017-04-01 12:38:38',0,'2017-04-01 12:38:38',1490960042762,'2017-04-01 20:37:57',1491050277434),('e98b73c2b12515b1e72b6f77ebbd7aa5','','管理员管理',1,1,'',0,'2017-04-05 17:59:23',0,'2017-04-05 17:59:23',1491386363466,'0000-00-00 00:00:00',0),('f3cdab68b55d6e02569de94b29e1cd17','','菜单管理',1,1,'',1,'2017-04-01 12:38:38',0,'2017-04-01 12:38:38',1491021518234,'0000-00-00 00:00:00',0),('fa4d4c55b43fa72782c6a6f70883c98e','db465de67c1b79babe9e1b5fc8c7a459','扫码用户列表',2,1,'../CodeRecord/act_list',1000,'2017-04-27 17:19:10',0,'2017-04-27 17:19:10',1493284750830,'2017-04-27 17:59:20',1493287160092);

#
# Structure for table "wx_admin_user"
#

DROP TABLE IF EXISTS `wx_admin_user`;
CREATE TABLE `wx_admin_user` (
  `id` varchar(32) NOT NULL DEFAULT '',
  `gid` varchar(1024) NOT NULL DEFAULT '' COMMENT '用户组',
  `ext_pids` varchar(1024) NOT NULL DEFAULT '' COMMENT '扩展权限',
  `account` varchar(32) NOT NULL DEFAULT '' COMMENT '管理员登陆账号',
  `salt` varchar(32) NOT NULL DEFAULT '',
  `password` varchar(32) NOT NULL DEFAULT '' COMMENT '管理员登陆密码',
  `name` varchar(255) NOT NULL DEFAULT '' COMMENT '管理员名称',
  `is_founder` tinyint(3) NOT NULL DEFAULT '0' COMMENT '是否超级管理员,1是，0否',
  `header_img` varchar(255) NOT NULL COMMENT '管理员头像',
  `is_forbidden` tinyint(3) NOT NULL DEFAULT '0' COMMENT '是否禁用,1是，0否',
  `reg_time` datetime NOT NULL DEFAULT '0000-00-00 00:00:00' COMMENT '注册时间',
  `reg_ip` varchar(15) NOT NULL DEFAULT '' COMMENT '注册ip',
  `last_login_time` datetime NOT NULL DEFAULT '0000-00-00 00:00:00' COMMENT '最后登录时间',
  `last_login_ip` varchar(15) NOT NULL DEFAULT '' COMMENT '最后登陆ip',
  `status` tinyint(3) NOT NULL DEFAULT '0' COMMENT '账号状态，0为正常，1为待开放，2为封锁',
  `add_time` datetime NOT NULL DEFAULT '0000-00-00 00:00:00' COMMENT '添加时间',
  `d_status` tinyint(3) unsigned NOT NULL DEFAULT '0' COMMENT '标识数据状态，0正常，4删除',
  `d_insert` datetime NOT NULL DEFAULT '0000-00-00 00:00:00' COMMENT '插入日期',
  `d_insertms` bigint(13) unsigned NOT NULL DEFAULT '0' COMMENT '插入的时间毫秒数',
  `d_update` datetime NOT NULL DEFAULT '0000-00-00 00:00:00' COMMENT '更新日期',
  `d_updatems` bigint(13) unsigned NOT NULL DEFAULT '0' COMMENT '更新的时间毫秒数',
  PRIMARY KEY (`id`)
) ENGINE=InnoDB DEFAULT CHARSET=utf8;

#
# Data for table "wx_admin_user"
#

INSERT INTO `wx_admin_user` VALUES ('01a7a50b0005b1ec6b064bb0e6e05fa4','1850ec4eaeb034846371be0669ce9035','3dbef80b06a78b54b0d70daf2d7b19c9,168cdd65b88052a0e03e06aff3304df5','test002','fead239788c04742376c6fe549604b7b','6b009051e2291b255a396b3cc5f851c6','test002',0,'4d4a66ad1586b886b3fd9b59488ec581.png',0,'2017-04-11 18:45:56','183.54.192.147','0000-00-00 00:00:00','',0,'2017-04-11 18:45:56',4,'2017-04-11 18:45:56',1491907556405,'2017-04-11 20:32:00',1491913920619),('0fa0d32bb73d5bd616e7649eebdadeb2','837d73ffd8176ed482c39ba399bfdfee','','admin','7aaa612bf0ed9c99f5d2208dca778f7c','39157a0ef7af6108ed70d9ac9373e112','我是超管',1,'mine.png',0,'2017-03-30 17:29:55','58.248.238.209','2017-05-09 14:58:50','119.130.207.186',0,'0000-00-00 00:00:00',0,'2017-03-30 17:29:55',1490866195178,'2017-05-09 14:58:50',1494313130691),('16e7649eebdadeb20fa0d32bb73d5bd6','c39bad73fdfee8377fd399bf816ed482','','account','7aaa612bf0ed9c99f5d2208dca778f7c','39157a0ef7af6108ed70d9ac9373e112','普通管理',0,'default.png',0,'2017-03-30 17:29:55','58.248.238.209','2017-04-14 18:49:25','113.65.160.19',0,'0000-00-00 00:00:00',0,'2017-03-30 17:29:55',1490866195178,'2017-04-14 18:49:25',1492166965361),('458025b871556caae77f6784dbbc1b3b','c39bad73fdfee8377fd399bf816ed482','3dbef80b06a78b54b0d70daf2d7b19c9,493955c6b2e8114fd791532746fffd43,db465de67c1b79babe9e1b5fc8c7a459,f3cdab68b55d6e02569de94b29e1cd17,168cdd65b88052a0e03e06aff3304df5,2289d0b9f0789a09534e7095e7334d17,471be0b182f5ac4c0e92557d2c6f4bc8,8f2eed2c0211393042ff38a344efa845,947a5a7aab325e0e371282167b4cad6e,96182df771a12c978f6b5527eee250b7,a8d7a1cc435e703a7a6aa9fe7a2bf52c,e726a09c4b512c7c578734c922ce0a37','test001','9da4a9ad9b78d0b4152afea5d1f4a60a','1825a071dccb64d3d759c1ca2519686c','test001',0,'default.png',0,'2017-04-11 17:24:48','183.54.192.84','0000-00-00 00:00:00','',2,'2017-04-11 17:24:48',4,'2017-04-11 17:24:48',1491902688718,'2017-04-11 19:56:29',1491911789376);

#
# Structure for table "wx_code_record"
#

DROP TABLE IF EXISTS `wx_code_record`;
CREATE TABLE `wx_code_record` (
  `id` varchar(32) NOT NULL DEFAULT '',
  `gid` varchar(32) NOT NULL,
  `code` varchar(50) NOT NULL DEFAULT '1' COMMENT '菜单等级',
  `uid` varchar(32) NOT NULL DEFAULT '' COMMENT '菜单对应权限ID',
  `nickname` varchar(128) NOT NULL,
  `openid` varchar(255) NOT NULL DEFAULT '' COMMENT '父菜单id，空为一级菜单',
  `is_first` tinyint(3) NOT NULL COMMENT '是否第一次被扫描，1是，0否',
  `add_time` datetime NOT NULL DEFAULT '0000-00-00 00:00:00' COMMENT '添加时间',
  `d_status` tinyint(3) unsigned NOT NULL DEFAULT '0' COMMENT '标识数据状态，0正常，4删除',
  `d_insert` datetime NOT NULL DEFAULT '0000-00-00 00:00:00' COMMENT '插入日期',
  `d_insertms` bigint(13) unsigned NOT NULL DEFAULT '0' COMMENT '插入的时间毫秒数',
  `d_update` datetime NOT NULL DEFAULT '0000-00-00 00:00:00' COMMENT '更新日期',
  `d_updatems` bigint(13) unsigned NOT NULL DEFAULT '0' COMMENT '更新的时间毫秒数',
  PRIMARY KEY (`id`)
) ENGINE=InnoDB DEFAULT CHARSET=utf8;

#
# Data for table "wx_code_record"
#

INSERT INTO `wx_code_record` VALUES ('2236ba592983a451e345fe90f9760a00','4c5bd56aca0b5f298993c16d448e4b57','1015126449402241','e8e24d6f031e98a20c99fe2a00820ced','蓝芝宁','oWGyqv4QaWO7srb1VPVuiU478XSg',0,'2017-04-28 11:08:40',0,'2017-04-28 11:08:40',1493348902181,'0000-00-00 00:00:00',0),('8b11a31e4b2e3231e55c53fbe37f355e','0bef1a17ce80ba6ce55679fd94f7f9a1','1015449606250041','d841299340fc605563799818363fe51a','Åℓwaysº','oWGyqvy9kLiIqppLO57H5ivjtE18',0,'2017-05-05 12:59:18',0,'2017-05-05 12:59:18',1493960358663,'0000-00-00 00:00:00',0),('b9a998ff0561c7d9fe63bff0a2e51266','0bef1a17ce80ba6ce55679fd94f7f9a1','1015449606250041','d841299340fc605563799818363fe51a','Åℓwaysº','oWGyqvy9kLiIqppLO57H5ivjtE18',1,'2017-05-05 12:07:50',0,'2017-05-05 12:07:50',1493957270523,'0000-00-00 00:00:00',0),('e52d8a4097538bcdb5c152d043e0773a','4c5bd56aca0b5f298993c16d448e4b57','1015126449402241','d841299340fc605563799818363fe51a','Åℓwaysº','oWGyqvy9kLiIqppLO57H5ivjtE18',1,'2017-04-28 11:08:31',0,'2017-04-28 11:08:31',1493348911983,'0000-00-00 00:00:00',0);

#
# Structure for table "wx_menu"
#

DROP TABLE IF EXISTS `wx_menu`;
CREATE TABLE `wx_menu` (
  `id` varchar(32) NOT NULL DEFAULT '',
  `name` varchar(255) NOT NULL DEFAULT '' COMMENT '菜单名',
  `level` tinyint(3) NOT NULL DEFAULT '1' COMMENT '菜单等级',
  `type` varchar(32) NOT NULL DEFAULT '1' COMMENT '菜单类型，1为click，2为view，3为scancode_push，4为scancode_waitmsg，5为pic_sysphoto，6为pic_photo_or_album，7为pic_weixin，8为location_select，9为media_id，10为view_limited',
  `ext_data` varchar(255) NOT NULL DEFAULT '' COMMENT '根据菜单类型，附带的额外数据，json格式',
  `pid` varchar(32) NOT NULL DEFAULT '' COMMENT '父菜单id，空为一级菜单',
  `key_name` varchar(32) NOT NULL,
  `key_value` varchar(500) NOT NULL,
  `status` tinyint(3) NOT NULL,
  `add_time` datetime NOT NULL DEFAULT '0000-00-00 00:00:00' COMMENT '添加时间',
  `seq` int(3) NOT NULL DEFAULT '1000',
  `d_status` tinyint(3) unsigned NOT NULL DEFAULT '0' COMMENT '标识数据状态，0正常，4删除',
  `d_insert` datetime NOT NULL DEFAULT '0000-00-00 00:00:00' COMMENT '插入日期',
  `d_insertms` bigint(13) unsigned NOT NULL DEFAULT '0' COMMENT '插入的时间毫秒数',
  `d_update` datetime NOT NULL DEFAULT '0000-00-00 00:00:00' COMMENT '更新日期',
  `d_updatems` bigint(13) unsigned NOT NULL DEFAULT '0' COMMENT '更新的时间毫秒数',
  PRIMARY KEY (`id`)
) ENGINE=InnoDB DEFAULT CHARSET=utf8;

#
# Data for table "wx_menu"
#

INSERT INTO `wx_menu` VALUES ('708aaa2390294782a619932f9d432397','关于1',2,'view_limited','','b17e01fe3e47489fc8ac27b3de2fb23d','media_id','lCGsVpaRnZlUbgO6Vaea29Cobzjb7lvY0Fjw-li6Wb8',1,'2017-05-09 10:11:02',1,0,'2017-05-06 14:35:00',1494052500035,'2017-05-09 10:11:02',1494295862891),('76f218d3829e5e5d79b027474329eb56','防伪查询',1,'view','','','url','http://www.baidu.com',1,'2017-05-08 11:08:25',9,0,'2017-05-08 11:08:25',1494212905764,'0000-00-00 00:00:00',0),('774475ae462639ae8c2537630add300e','产品信息',1,'click','','','key','key_ff09d412fcfe7a438ac84d1899389fd0',1,'2017-04-27 16:08:40',2,0,'2017-04-27 16:08:40',1493280520245,'0000-00-00 00:00:00',0),('9d26dd0849d9f382e226d64613ca935a','关于22',2,'media_id','','b17e01fe3e47489fc8ac27b3de2fb23d','img','lCGsVpaRnZlUbgO6Vaea28CgbahWm-OKKvNs6n3b0lY',1,'2017-05-07 14:45:46',2,0,'2017-05-06 14:30:45',1494052245788,'2017-05-07 14:45:46',1494139546192),('b17e01fe3e47489fc8ac27b3de2fb23d','关于',1,'click','','','url','http://www.zhaiqihua.top/wx/index.php/home/scan/index',1,'2017-05-09 10:21:57',0,0,'2017-04-27 16:08:40',1493280520257,'2017-05-09 10:21:57',1494296517015),('b35a730f3fb58b0006351f52089c8d20','墨西哥齐亚籽',2,'click','','774475ae462639ae8c2537630add300e','key','key_3452e13182b63353d6f6df2c5392f760',1,'2017-04-27 16:08:40',21,0,'2017-04-27 16:08:40',1493280520249,'0000-00-00 00:00:00',0),('c44c391bd2c1b8427a9612a4cf0b6530','秘魯玛咖',2,'click','','774475ae462639ae8c2537630add300e','key','key_17e2ced1f012e38699738bfba09a44f8',1,'2017-04-27 16:08:40',22,0,'2017-04-27 16:08:40',1493280520253,'0000-00-00 00:00:00',0),('f2c84b887e615054e2a9f4a5fe7f935c','关于3',2,'view_limited','','b17e01fe3e47489fc8ac27b3de2fb23d','media_id','lCGsVpaRnZlUbgO6Vaea2ymY-GwGSYvVMqIl-yYP09o',1,'2017-05-09 10:16:26',0,0,'2017-05-07 14:19:53',1494137993937,'2017-05-09 10:16:26',1494296186510);

#
# Structure for table "wx_target"
#

DROP TABLE IF EXISTS `wx_target`;
CREATE TABLE `wx_target` (
  `id` varchar(32) NOT NULL,
  `name` varchar(128) NOT NULL,
  `is_allow_delete` tinyint(3) NOT NULL DEFAULT '0' COMMENT '是否可以删除的标签，1为可以，0为否',
  `add_time` datetime NOT NULL,
  `d_status` tinyint(3) NOT NULL DEFAULT '0',
  `d_insert` datetime NOT NULL DEFAULT '0000-00-00 00:00:00',
  `d_insertms` bigint(13) NOT NULL DEFAULT '0',
  `d_update` datetime NOT NULL DEFAULT '0000-00-00 00:00:00',
  `d_updatems` bigint(13) NOT NULL DEFAULT '0',
  PRIMARY KEY (`id`)
) ENGINE=InnoDB DEFAULT CHARSET=utf8;

#
# Data for table "wx_target"
#

INSERT INTO `wx_target` VALUES ('100','扫码用户',0,'2017-05-04 12:43:59',0,'2017-05-04 12:43:59',1493873039151,'0000-00-00 00:00:00',0);

#
# Structure for table "wx_user"
#

DROP TABLE IF EXISTS `wx_user`;
CREATE TABLE `wx_user` (
  `id` varchar(32) NOT NULL DEFAULT '',
  `gid` varchar(32) NOT NULL DEFAULT '' COMMENT '用户组id',
  `account` varchar(32) NOT NULL DEFAULT '' COMMENT '用户的账号，非微信账号',
  `phone` varchar(15) NOT NULL DEFAULT '' COMMENT '用户手机号',
  `salt` varchar(32) NOT NULL DEFAULT '',
  `password` varchar(32) NOT NULL DEFAULT '' COMMENT '用户密码，非微信密码',
  `subscribe` tinyint(3) NOT NULL DEFAULT '1' COMMENT '是否订阅，0为否（无法获取用户信息）,1为是',
  `openid` varchar(255) NOT NULL DEFAULT '' COMMENT '普通用户的标识，对当前公众号唯一',
  `nickname` varchar(255) NOT NULL DEFAULT '' COMMENT '用户名',
  `sex` tinyint(3) unsigned NOT NULL DEFAULT '0' COMMENT '用户的性别，值为1时是男性，值为2时是女性，值为0时是未知',
  `language` varchar(32) NOT NULL DEFAULT 'zh-CN' COMMENT '用户的语言，zh_CN 简体，zh_TW 繁体，en 英语，默认为zh-CN',
  `city` varchar(64) NOT NULL DEFAULT '' COMMENT '所在城市',
  `province` varchar(64) NOT NULL DEFAULT '' COMMENT '所在省份',
  `country` varchar(64) NOT NULL DEFAULT '' COMMENT '所在国家',
  `headimgurl` varchar(500) NOT NULL DEFAULT '' COMMENT '用户头像，最后一个数值代表正方形头像大小（有0、46、64、96、132数值可选，0代表640*640正方形头像），用户没有头像时该项为空。若用户更换头像，原有头像URL将失效。',
  `subscribe_time` bigint(13) unsigned NOT NULL DEFAULT '0' COMMENT '用户关注时间，为时间戳。如果用户曾多次关注，则取最后关注时间',
  `unionid` varchar(255) NOT NULL DEFAULT '' COMMENT '只有将公众号绑定到微信开放平台帐号后，才会出现该字段。确保用户在多个公众号的唯一',
  `remark` varchar(64) NOT NULL DEFAULT '' COMMENT '公众号运营者对粉丝的备注，公众号运营者可在微信公众平台用户管理界面对粉丝添加备注',
  `groupid` varchar(64) NOT NULL DEFAULT '' COMMENT '用户所在的分组ID（兼容旧的用户分组接口）',
  `tagid_list` varchar(64) NOT NULL DEFAULT '' COMMENT '用户被打上的标签ID列表(数组)',
  `status` tinyint(3) NOT NULL DEFAULT '0' COMMENT '账号状态，0为正常，1为封号',
  `add_time` datetime NOT NULL DEFAULT '0000-00-00 00:00:00' COMMENT '添加时间',
  `d_status` tinyint(3) unsigned NOT NULL DEFAULT '0' COMMENT '标识数据状态，0正常，4删除',
  `d_insert` datetime NOT NULL DEFAULT '0000-00-00 00:00:00' COMMENT '插入日期',
  `d_insertms` bigint(13) unsigned NOT NULL DEFAULT '0' COMMENT '插入的时间毫秒数',
  `d_update` datetime NOT NULL DEFAULT '0000-00-00 00:00:00' COMMENT '更新日期',
  `d_updatems` bigint(13) unsigned NOT NULL DEFAULT '0' COMMENT '更新的时间毫秒数',
  PRIMARY KEY (`id`)
) ENGINE=InnoDB DEFAULT CHARSET=utf8;

#
# Data for table "wx_user"
#

INSERT INTO `wx_user` VALUES ('d841299340fc605563799818363fe51a','2a74416f8f5e6e8bd450262002244cdc','','','','',1,'oWGyqvy9kLiIqppLO57H5ivjtE18','Åℓwaysº',1,'zh_CN','肇庆','广东','中国','http://wx.qlogo.cn/mmopen/4tHJiaWrgfcsuKWUiciaOMPICiccnqibSICqSf3INmFeiaAEG4ISbJB3RNhamfmoTN8O6wQdA7PoPNHN1E5EsBFtEoP2IFsAibODsjX/0',1494067631,'','','0','',0,'2017-04-28 11:04:08',0,'2017-04-28 11:04:08',1493348648910,'2017-05-06 18:47:11',1494067631731),('e8e24d6f031e98a20c99fe2a00820ced','2a74416f8f5e6e8bd450262002244cdc','','','','',1,'oWGyqv4QaWO7srb1VPVuiU478XSg','蓝芝宁',1,'zh_CN','广州','广东','中国','http://wx.qlogo.cn/mmopen/oDrh8SLN7qicEAFkB0RLeTmIW8btX4Osp3XC2fiauRMfHLf0t2m5icWCJ4oOqMogd0Id57D4ERNpzbhYdzgZViaeGVQiaIuAkMibuC/0',1494296092,'','','0','',0,'2017-04-28 11:04:55',0,'2017-04-28 11:04:55',1493348695235,'2017-05-09 10:14:52',1494296092755);

#
# Structure for table "wx_user_group"
#

DROP TABLE IF EXISTS `wx_user_group`;
CREATE TABLE `wx_user_group` (
  `id` varchar(32) NOT NULL DEFAULT '',
  `name` varchar(64) NOT NULL DEFAULT '',
  `d_status` tinyint(3) unsigned NOT NULL DEFAULT '0' COMMENT '标识数据状态，0正常，4删除',
  `d_insert` datetime NOT NULL DEFAULT '0000-00-00 00:00:00' COMMENT '插入日期',
  `d_insertms` bigint(13) unsigned NOT NULL DEFAULT '0' COMMENT '插入的时间毫秒数',
  `d_update` datetime NOT NULL DEFAULT '0000-00-00 00:00:00' COMMENT '更新日期',
  `d_updatems` bigint(13) unsigned NOT NULL DEFAULT '0' COMMENT '更新的时间毫秒数',
  PRIMARY KEY (`id`)
) ENGINE=InnoDB DEFAULT CHARSET=utf8;

#
# Data for table "wx_user_group"
#

INSERT INTO `wx_user_group` VALUES ('2a74416f8f5e6e8bd450262002244cdc','微信用户',0,'0000-00-00 00:00:00',0,'0000-00-00 00:00:00',0),('375ec047170ab0222ce1e61b4a784852','PC端用户',0,'0000-00-00 00:00:00',0,'0000-00-00 00:00:00',0),('8cee967d23b4c924030cbea83ce0fa9a','微信小程序用户',0,'0000-00-00 00:00:00',0,'0000-00-00 00:00:00',0);

#
# Structure for table "wx_user_target"
#

DROP TABLE IF EXISTS `wx_user_target`;
CREATE TABLE `wx_user_target` (
  `id` varchar(32) NOT NULL,
  `uid` varchar(32) NOT NULL,
  `openid` varchar(500) NOT NULL,
  `target_id` varchar(32) NOT NULL,
  `add_time` datetime NOT NULL DEFAULT '0000-00-00 00:00:00',
  `d_insert` datetime NOT NULL DEFAULT '0000-00-00 00:00:00',
  `d_insertms` bigint(13) NOT NULL DEFAULT '0',
  `d_update` datetime NOT NULL DEFAULT '0000-00-00 00:00:00',
  `d_updatems` bigint(13) NOT NULL DEFAULT '0',
  PRIMARY KEY (`id`)
) ENGINE=InnoDB DEFAULT CHARSET=utf8;

#
# Data for table "wx_user_target"
#

INSERT INTO `wx_user_target` VALUES ('8deb391797220f41fa63e66248d717e2','d841299340fc605563799818363fe51a','oWGyqvy9kLiIqppLO57H5ivjtE18','100','2017-05-05 12:07:50','2017-05-05 12:07:50',1493957270749,'0000-00-00 00:00:00',0),('e571624e333bf7ff8a31db10b7a08f68','d841299340fc605563799818363fe51a','oWGyqvy9kLiIqppLO57H5ivjtE18','7852bcd52e1d0c3ba8b71486fe6a296c','2017-04-28 11:13:14','2017-04-28 11:13:14',1493349194715,'0000-00-00 00:00:00',0);
